latitude,longitude,crime_type,severity,date_time,frequency
19.23878125051623,72.98995053898402,Burglary,4,2024-02-27 16:33:10.736198,61
19.076625184290954,72.81135807486827,Vandalism,5,2024-10-02 14:58:56.736198,26
19.043850335308775,72.88139267717065,Assault,3,2024-02-26 16:34:12.736198,66
19.06492014277197,72.82092623297343,Theft,5,2024-05-16 01:32:22.736198,69
19.060872985094313,72.84925492580805,Assault,5,2023-11-04 09:39:11.736198,89
19.045696178756028,72.9050374853489,Vandalism,2,2024-10-10 18:03:04.736198,18
19.023269148694407,72.84329757122258,Burglary,3,2024-01-18 18:36:03.736198,133
18.982025595021916,72.88612088622979,Theft,3,2024-03-01 10:48:15.736198,18
19.008671327708992,72.86008179985797,Theft,3,2024-02-21 13:28:48.736198,95
19.0617845786915,72.80713711828922,Theft,5,2024-09-21 02:47:13.736198,56
19.080899331422174,72.86756113649258,Assault,4,2023-12-05 08:44:40.736198,87
19.17842528714857,72.98558113139696,Theft,3,2024-08-02 19:14:51.736198,12
19.23226446627227,72.98596970770843,Theft,5,2024-01-30 20:58:54.736198,89
19.202226508640603,73.01088233610888,Assault,2,2024-04-29 12:08:24.736198,28
19.2195894882962,72.93859066867292,Drug Offense,4,2024-10-01 00:10:27.736198,17
19.053822448567583,72.833404311719,Assault,2,2024-03-05 04:28:44.736198,103
18.999135335077785,72.82916630788768,Theft,4,2024-10-14 16:33:30.736198,45
19.206666381721025,72.95780486538614,Vandalism,5,2023-11-28 13:36:16.736198,52
19.22311506358977,73.0301336622836,Burglary,1,2023-11-11 07:05:13.736198,12
19.08828333400087,72.89285015420096,Assault,4,2023-12-16 08:44:18.736198,72
19.03835079888516,72.84599967202291,Assault,2,2023-11-06 19:09:46.736198,122
19.058487634932305,72.85004400538072,Theft,5,2024-08-15 07:02:06.736198,91
19.06306854231515,72.85606903992772,Theft,4,2024-04-25 02:35:40.736198,92
19.26144616426531,72.96598570153994,Vandalism,1,2024-03-18 15:14:47.736198,15
19.219277201406513,72.97891183382407,Drug Offense,1,2024-01-10 21:13:42.736198,92
19.076911436798078,72.86466799304789,Theft,3,2024-10-01 11:45:43.736198,93
19.107720336322906,72.85294369002347,Theft,3,2024-04-22 09:37:38.736198,22
19.069742301346796,72.81813862946018,Burglary,2,2024-05-02 23:29:23.736198,54
19.041746386283144,72.81806504983233,Theft,4,2024-04-16 12:48:16.736198,119
19.248915016646873,73.00247523703395,Vandalism,4,2024-06-16 15:26:44.736198,26
19.01924567978551,72.87750960750131,Burglary,3,2024-02-23 11:34:29.736198,75
19.07564556515977,72.84679828907167,Theft,4,2024-03-29 04:40:23.736198,69
19.06719911026606,72.88031481154573,Drug Offense,4,2024-01-27 05:17:11.736198,107
19.0399963075495,72.81143543901345,Assault,1,2024-08-22 18:25:00.736198,100
19.03406341167924,72.85766635934377,Assault,3,2024-02-06 23:57:29.736198,112
19.219836437821204,72.95244015551623,Assault,5,2024-02-13 16:58:11.736198,46
19.066998690570415,72.89015699864696,Vandalism,3,2023-12-02 15:59:34.736198,85
19.01038067668362,72.87938659606729,Burglary,5,2023-11-13 06:36:04.736198,67
19.053672002131393,72.80984598320676,Theft,1,2024-07-14 23:45:52.736198,85
19.041932351212896,72.87658904602208,Theft,2,2024-10-09 12:21:55.736198,69
19.067820673910504,72.83214195406937,Vandalism,4,2024-10-25 09:37:29.736198,68
19.214594246822447,72.97550358600533,Drug Offense,1,2024-02-24 10:47:40.736198,86
19.24772340654987,72.97391352645695,Assault,4,2024-02-16 13:11:12.736198,52
19.015694089352262,72.86178043051541,Vandalism,2,2024-05-01 23:17:04.736198,113
19.02717959651493,72.86287324210574,Theft,2,2023-10-28 02:29:50.736198,100
19.056189273497388,72.86637404540795,Drug Offense,1,2024-08-11 07:44:16.736198,91
19.20527163992771,72.96842228331892,Drug Offense,2,2024-03-03 16:39:30.736198,68
19.031819199364072,72.86508526622973,Drug Offense,5,2024-03-15 14:53:49.736198,96
19.244647881312687,72.98205199209384,Assault,2,2024-04-17 22:36:04.736198,57
19.032033441280866,72.83361896457566,Vandalism,4,2024-06-23 21:00:14.736198,133
19.105557880894832,72.86733459563453,Vandalism,4,2024-10-06 00:52:59.736198,34
19.074457965811717,72.88452303949634,Assault,4,2024-06-08 18:53:57.736198,99
19.029413096613848,72.87837407161166,Drug Offense,4,2024-04-16 11:43:29.736198,67
19.015805286114258,72.88500234430899,Theft,5,2024-01-26 15:51:08.736198,50
19.090945872102466,72.88990740530868,Assault,3,2023-11-16 14:49:33.736198,69
19.044272048927446,72.85440102080861,Vandalism,1,2023-12-03 17:23:32.736198,101
19.05147460180673,72.82001608787218,Drug Offense,4,2024-08-31 16:37:47.736198,107
19.013862567116774,72.84740537883452,Vandalism,2,2024-03-26 06:38:49.736198,112
19.022476014275426,72.84491842738527,Drug Offense,4,2024-05-03 10:32:56.736198,133
19.020929044164262,72.86604902528016,Drug Offense,2,2023-11-20 01:09:06.736198,99
19.21186729897565,73.01963495967121,Drug Offense,2,2024-03-30 15:28:50.736198,24
19.205429635392395,72.99665680256162,Assault,4,2024-10-12 16:56:59.736198,60
19.190247894564006,73.01309153486373,Vandalism,5,2023-12-01 08:34:58.736198,12
19.088482396341043,72.89026691018529,Burglary,2,2024-02-16 02:51:17.736198,72
19.07296429809929,72.8894663441297,Drug Offense,2,2023-12-25 02:15:01.736198,90
19.07649020348518,72.88765996582491,Theft,4,2023-11-23 17:05:20.736198,86
19.08333196492194,72.85890240427345,Burglary,2,2024-07-08 23:40:53.736198,78
19.083227912110168,72.90846073132933,Burglary,2,2024-06-28 11:18:05.736198,36
19.222778282681293,73.00538280859948,Assault,4,2024-04-15 07:14:29.736198,47
19.055783085220103,72.86164990939423,Burglary,4,2024-01-05 07:54:53.736198,87
19.01406105545012,72.84023405510924,Drug Offense,1,2024-02-20 01:33:25.736198,110
19.238225336388943,72.96822486833678,Theft,5,2024-01-12 11:27:29.736198,59
19.062462732678263,72.82624248330403,Theft,5,2024-09-15 04:43:40.736198,78
19.05756428846513,72.82516432262527,Burglary,2,2023-11-27 05:49:19.736198,96
19.069145709669463,72.86165445461558,Theft,5,2023-12-08 19:48:36.736198,98
19.048610009856283,72.83623291918522,Theft,2,2024-08-23 07:46:20.736198,111
19.0616939258148,72.8912919549787,Burglary,1,2023-11-24 23:52:55.736198,71
19.02272059468628,72.87585381967891,Vandalism,4,2024-02-03 03:55:36.736198,79
19.041253957119913,72.8294543385162,Assault,4,2024-08-06 08:41:33.736198,137
19.045927591590928,72.85927857998117,Vandalism,4,2024-03-19 09:09:13.736198,100
19.054532739920955,72.83479830467348,Drug Offense,5,2024-08-22 17:04:35.736198,99
19.021561695215357,72.85331279176152,Burglary,1,2024-09-29 15:06:20.736198,129
19.0988564562903,72.89273866065373,Drug Offense,5,2024-03-04 12:37:41.736198,45
19.215298888259348,72.98061152906944,Vandalism,5,2023-11-19 16:22:16.736198,93
19.014257638393666,72.85913427372867,Assault,1,2024-08-01 21:44:18.736198,116
19.065115726498785,72.82245966306941,Drug Offense,1,2024-05-06 20:48:45.736198,72
19.047038313170056,72.84955072451247,Vandalism,1,2024-10-09 05:48:57.736198,99
19.005103628446086,72.85672182100421,Drug Offense,1,2024-07-10 23:30:15.736198,84
19.083232720500952,72.8647976049079,Theft,4,2023-12-03 09:33:25.736198,80
19.239873616668625,72.97732983060999,Drug Offense,3,2024-08-08 06:19:46.736198,66
18.984211894377573,72.8670672038476,Theft,3,2023-11-18 16:01:07.736198,24
19.040651029707444,72.83955749094406,Burglary,1,2024-09-28 12:23:26.736198,122
19.05475392572548,72.88717184861271,Assault,3,2024-02-23 07:47:57.736198,74
19.187168362026803,72.96953769678068,Burglary,3,2024-08-04 08:16:18.736198,23
19.09076933159991,72.8811273656238,Vandalism,1,2024-10-03 12:07:08.736198,77
18.997567599802103,72.85057799414228,Drug Offense,3,2024-09-02 15:22:25.736198,64
19.025022917467428,72.84412029626569,Burglary,5,2024-10-10 07:41:55.736198,133
18.983750707405704,72.88679100638922,Assault,2,2024-07-01 00:09:20.736198,17
19.2221409823298,72.97191767071595,Drug Offense,2,2024-01-03 16:19:54.736198,93
19.104825465781325,72.84898275697641,Vandalism,1,2024-04-22 22:37:50.736198,20
19.01816636752261,72.85679512278992,Theft,4,2024-08-22 17:36:56.736198,122
19.07370920309495,72.90245632623947,Burglary,1,2024-09-10 10:19:13.736198,55
19.026400289001067,72.84615891551294,Vandalism,4,2024-02-12 16:10:37.736198,133
19.06452113618132,72.82496477828258,Drug Offense,2,2024-03-31 15:26:10.736198,75
19.06933989093122,72.82004263875402,Drug Offense,1,2024-01-09 16:09:52.736198,59
19.007939350635862,72.84573843001428,Burglary,5,2024-10-13 19:05:05.736198,96
19.21411953485428,72.96108959091582,Burglary,3,2023-11-29 15:02:17.736198,66
19.01619668577083,72.82298078132968,Drug Offense,4,2024-07-21 23:34:14.736198,83
19.01903132474439,72.8466468510647,Assault,3,2024-07-30 05:30:05.736198,125
19.06200548984015,72.88197959821468,Vandalism,3,2024-03-26 16:52:45.736198,94
19.189863786665164,73.0081266730391,Drug Offense,1,2024-10-10 00:28:22.736198,16
19.01952241553882,72.8469544942259,Theft,3,2024-07-30 01:29:39.736198,127
19.24201408309326,72.99247906621329,Burglary,5,2023-11-23 00:11:25.736198,54
19.084876388562925,72.8931926810686,Burglary,3,2024-05-30 00:41:30.736198,71
19.09628686694034,72.7904405934321,Vandalism,1,2023-12-24 19:31:28.736198,3
19.040197344088664,72.833926801529,Theft,5,2024-04-17 06:32:45.736198,132
19.23875140864019,73.02689504812679,Vandalism,2,2024-10-03 01:50:59.736198,8
19.194382338759297,72.9869920533644,Assault,3,2024-01-08 23:28:10.736198,40
18.98078251537337,72.83060846066529,Drug Offense,1,2024-05-28 13:44:59.736198,16
19.02436992814989,72.84789424172199,Vandalism,2,2024-08-15 09:21:50.736198,133
19.00642156305457,72.8637442375013,Assault,2,2024-01-28 14:07:19.736198,89
19.105312975378432,72.87318447399028,Theft,4,2023-11-18 17:31:51.736198,33
19.22491760464429,72.99477057923218,Drug Offense,5,2024-07-14 09:54:56.736198,79
19.241275314007442,72.94330572442443,Vandalism,3,2024-08-27 04:54:07.736198,16
19.004845200314975,72.84558006089996,Drug Offense,1,2024-07-18 12:05:07.736198,86
19.092450898242063,72.85328312700058,Drug Offense,4,2024-06-13 06:34:47.736198,52
19.011097363681888,72.84379478708914,Assault,5,2024-09-05 11:52:49.736198,103
19.24001791131663,72.98759396465759,Drug Offense,4,2024-08-27 06:17:36.736198,61
19.020162088298218,72.84257896685051,Vandalism,5,2024-03-08 22:00:38.736198,126
19.070948636972137,72.8527443363607,Drug Offense,5,2024-03-09 12:58:53.736198,84
19.02761834375249,72.83664889510403,Assault,3,2024-07-07 22:42:50.736198,133
19.058967221523332,72.80947628567343,Drug Offense,5,2024-08-18 13:30:14.736198,69
19.071837554992854,72.86783998130683,Assault,4,2024-02-17 23:55:24.736198,106
19.237291082708825,72.948402040631,Assault,5,2024-03-08 23:03:56.736198,32
19.003057256483505,72.85124962728896,Burglary,3,2024-10-23 17:27:25.736198,85
19.006555539114384,72.86885863635511,Burglary,3,2023-11-12 20:51:48.736198,78
19.03762457569402,72.87716972249102,Burglary,4,2023-12-29 05:29:30.736198,67
19.02927856370652,72.84901415818426,Assault,2,2024-06-06 15:20:42.736198,128
19.047191632331973,72.84052092185134,Vandalism,2,2024-06-21 20:52:32.736198,107
19.075283479217802,72.90899287311629,Theft,5,2024-09-13 21:39:21.736198,40
19.02215212943706,72.82906614194415,Vandalism,1,2024-04-23 08:33:52.736198,107
19.24886936852825,72.98825671512579,Burglary,5,2024-07-08 03:37:46.736198,47
19.08245437120676,72.86115538112895,Assault,4,2023-12-26 14:52:31.736198,79
19.034412870979775,72.84314752041395,Vandalism,4,2024-01-01 10:12:01.736198,130
19.03608054038414,72.85250195727114,Theft,4,2024-05-06 01:37:58.736198,117
19.095080035269863,72.89072782502612,Burglary,4,2024-09-16 04:00:44.736198,57
19.227499442858782,72.96454569260496,Burglary,4,2023-12-08 18:08:39.736198,70
19.07385939280091,72.85699515355162,Theft,3,2024-01-23 21:08:53.736198,89
19.04978349020838,72.84730900892046,Burglary,2,2024-09-06 20:42:59.736198,98
19.260067494095615,72.9753082074369,Vandalism,4,2024-06-28 21:11:32.736198,24
19.062764270704633,72.89474866669593,Assault,1,2024-02-14 07:42:57.736198,68
19.084881653394998,72.80211230816826,Assault,1,2023-12-10 08:32:38.736198,10
19.04524317982075,72.86917419775179,Vandalism,1,2024-09-17 07:58:28.736198,79
19.057461390568438,72.87650949287877,Burglary,1,2024-03-25 22:31:50.736198,92
19.06239950556843,72.88234507394323,Theft,3,2024-04-24 13:42:36.736198,96
19.11721495849764,72.91280681684887,Drug Offense,1,2024-05-02 13:48:12.736198,3
19.0197878958921,72.87071533247797,Theft,4,2024-04-07 16:03:29.736198,92
19.044111446824115,72.86571249954093,Burglary,5,2024-04-25 03:27:46.736198,84
19.228180603725654,72.98331347531648,Theft,1,2024-07-02 20:01:11.736198,93
19.08109172611869,72.85136487056543,Drug Offense,3,2024-08-16 05:00:54.736198,67
19.004563277843957,72.85714797342634,Burglary,3,2024-09-23 01:58:35.736198,83
19.108899354270026,72.87271927920888,Assault,1,2024-04-30 12:04:28.736198,30
19.085464752491472,72.87624342174686,Vandalism,5,2024-08-06 23:41:57.736198,85
19.208945975973762,72.98503007763462,Burglary,1,2024-10-09 21:23:10.736198,81
19.25096863064602,72.95517309213962,Assault,3,2024-03-26 07:25:04.736198,22
19.037018921286666,72.80457948286393,Theft,2,2024-10-25 14:31:16.736198,80
19.05758903634278,72.8117902725886,Burglary,4,2024-08-31 23:21:01.736198,82
18.976837509296445,72.83603827378165,Theft,3,2023-11-27 02:42:19.736198,11
19.056094429371235,72.84269399683912,Burglary,1,2024-04-19 03:56:48.736198,102
19.091820638940863,72.8595122509041,Drug Offense,4,2024-10-21 20:26:51.736198,61
19.211893053836114,72.98658331892804,Drug Offense,1,2024-03-07 14:15:11.736198,84
19.074559797568394,72.89777065795785,Theft,1,2023-12-29 22:42:37.736198,66
19.023383372878158,72.90530600279821,Drug Offense,2,2023-11-08 21:43:00.736198,14
19.03031848633745,72.78388734206287,Theft,4,2024-07-24 22:38:21.736198,18
19.06629272904342,72.87933748278773,Assault,4,2024-10-18 21:07:57.736198,102
19.049863354283694,72.81754794827403,Burglary,2,2024-01-11 04:55:52.736198,112
18.990402877180404,72.87112507132055,Theft,3,2024-05-13 19:29:40.736198,38
19.026192364382652,72.86035375374327,Assault,1,2024-02-13 10:08:39.736198,112
18.995978733448002,72.8685187121389,Drug Offense,5,2024-07-01 05:00:10.736198,48
19.017271542078547,72.87996786546896,Burglary,1,2024-09-09 22:49:13.736198,68
19.007247774019277,72.86067575903277,Theft,1,2024-07-17 18:05:00.736198,91
19.06592100501544,72.81947212552822,Drug Offense,3,2024-03-25 16:01:37.736198,65
19.047663932564753,72.80546061336521,Vandalism,1,2024-06-17 04:04:40.736198,80
19.226071572090618,73.02795999034865,Vandalism,2,2024-09-13 04:57:34.736198,12
18.98504915124234,72.85716169893323,Theft,2,2024-10-06 02:45:44.736198,25
19.060149585231347,72.87540527117066,Vandalism,4,2024-06-02 06:08:58.736198,94
19.192406370485582,73.00131653574756,Drug Offense,5,2024-07-28 21:01:41.736198,23
19.017968367583794,72.88972874624551,Burglary,1,2024-07-23 21:31:56.736198,46
19.05458215003878,72.88734944830487,Assault,1,2024-05-14 11:58:48.736198,75
19.230248001396998,72.99212345484622,Assault,3,2024-09-28 06:48:21.736198,76
19.07584054717367,72.90729888277781,Assault,2,2024-09-15 18:51:32.736198,44
19.04480104326226,72.84373756605216,Theft,5,2024-08-22 16:27:30.736198,108
19.006087243475246,72.85864019629291,Vandalism,4,2024-06-24 16:49:41.736198,88
19.050745746268024,72.8572636735359,Vandalism,2,2024-03-15 10:34:36.736198,96
19.03057036809554,72.82913845089348,Drug Offense,4,2024-08-16 02:03:12.736198,128
19.20578874596981,72.98601607066874,Theft,3,2024-04-04 23:43:26.736198,73
19.0234139553541,72.81040450157543,Assault,3,2024-09-28 10:33:37.736198,81
18.990710989779316,72.83782696107032,Drug Offense,1,2024-06-03 21:53:25.736198,33
19.198472153010872,72.93503219772792,Drug Offense,5,2024-02-11 20:01:36.736198,15
19.009196263658083,72.8505643078228,Assault,4,2024-04-20 06:29:01.736198,101
19.118443123940253,72.89834930521103,Drug Offense,2,2024-10-11 15:08:59.736198,12
19.030604023559174,72.85421648272441,Assault,3,2024-06-06 06:10:12.736198,119
19.055879652370006,72.85341622774425,Drug Offense,1,2024-10-21 21:36:19.736198,93
19.04082924977122,72.78286301909004,Assault,1,2024-04-02 00:17:14.736198,22
19.030454455197354,72.88278305060265,Burglary,4,2024-07-01 21:42:55.736198,57
19.0780502999897,72.86512600292384,Assault,3,2024-09-15 09:57:14.736198,94
19.04937505816731,72.8054641789981,Burglary,5,2023-10-28 05:14:31.736198,77
19.041500932578497,72.82573626190432,Burglary,3,2024-04-18 19:46:47.736198,127
19.0816198373547,72.8652460096036,Theft,4,2024-07-03 11:07:33.736198,82
19.000686515720425,72.88325497067319,Drug Offense,4,2024-03-16 16:16:56.736198,48
19.08221815131196,72.907207124339,Vandalism,3,2024-09-08 08:33:26.736198,44
18.980184161579484,72.84916973031918,Drug Offense,4,2024-10-01 08:30:47.736198,17
19.021516905101954,72.8366325444477,Assault,3,2023-11-08 10:38:05.736198,126
19.21495756572427,72.98375159900976,Theft,2,2023-11-27 21:32:16.736198,87
19.087417810213864,72.90041131280361,Vandalism,3,2024-04-04 15:29:12.736198,55
19.07794155098696,72.89707289981067,Vandalism,3,2024-06-29 03:16:19.736198,66
19.006064573388635,72.87130782451652,Vandalism,4,2024-09-09 12:48:41.736198,76
19.034651157999203,72.87591759920974,Drug Offense,4,2024-09-27 04:38:27.736198,65
19.226284462452107,72.99104391879405,Vandalism,1,2023-11-21 00:43:02.736198,83
19.041807172175083,72.829547435925,Drug Offense,1,2024-09-03 05:54:48.736198,134
19.067147721031294,72.87229127284037,Vandalism,2,2024-05-28 03:05:43.736198,116
19.029063553587942,72.78316926765854,Theft,1,2024-03-04 20:20:10.736198,16
19.16831188570253,73.02391885145181,Assault,3,2024-02-05 04:50:37.736198,1
18.998082534940455,72.87727283593216,Drug Offense,4,2024-08-13 23:10:02.736198,49
19.23155762537335,73.0015694771497,Drug Offense,1,2024-10-03 12:02:59.736198,60
19.214031142581394,73.007914522737,Burglary,1,2024-07-01 06:32:40.736198,42
19.038621358016606,72.8131635117637,Burglary,2,2024-05-04 01:58:42.736198,108
19.006176420204344,72.86765165562713,Drug Offense,2,2024-04-20 09:07:53.736198,84
19.050039606611378,72.82430999359558,Theft,3,2024-06-23 06:08:46.736198,114
19.021957219760285,72.7620729903301,Burglary,4,2024-06-01 03:04:44.736198,2
19.229030196871406,72.96013064036417,Vandalism,2,2024-08-28 06:40:22.736198,59
19.102109576143086,72.87812007683266,Vandalism,1,2023-11-01 23:51:59.736198,46
19.01933179574946,72.85308645529216,Theft,4,2024-08-01 09:20:13.736198,126
19.004587148617563,72.8464574923247,Burglary,4,2023-12-20 17:00:22.736198,91
19.050942007878042,72.8199147437263,Burglary,1,2023-11-27 10:22:09.736198,109
19.040138660721123,72.80560194710387,Drug Offense,2,2024-08-10 18:41:32.736198,85
19.20618768920526,73.01462019427093,Assault,1,2024-08-23 06:06:14.736198,29
19.012821039062672,72.83804872675917,Burglary,4,2024-04-25 14:04:26.736198,103
19.028995345604645,72.86515417120034,Vandalism,5,2024-07-29 18:51:32.736198,96
19.09225724237678,72.89029257683848,Drug Offense,5,2024-10-12 01:51:12.736198,67
19.2375775823359,73.02231046003182,Vandalism,3,2023-12-07 06:23:35.736198,11
19.00871413479848,72.8637460098609,Theft,1,2024-01-27 09:37:37.736198,98
19.012793492036838,72.84870358384902,Burglary,1,2024-02-16 07:54:19.736198,107
19.219060069563362,72.98050062653436,Theft,3,2023-12-29 07:02:01.736198,92
19.046539557687076,72.86013109553024,Drug Offense,3,2024-04-01 12:50:43.736198,98
19.00039173269432,72.84850888911541,Assault,3,2023-12-09 21:52:11.736198,70
19.22917200309189,72.97068771335827,Vandalism,4,2024-05-15 15:01:15.736198,78
19.050909488889253,72.87648740130037,Burglary,1,2024-08-10 01:03:34.736198,83
19.058031706573033,72.88753838343014,Drug Offense,4,2024-04-06 17:04:01.736198,75
19.221511479620997,72.97816092040307,Vandalism,3,2024-10-09 18:21:08.736198,100
19.23055547810125,72.95703168873652,Burglary,1,2023-11-22 00:08:42.736198,49
19.055240489929503,72.8831084009231,Theft,4,2024-06-15 07:50:46.736198,81
19.252850863402013,72.98682647339348,Burglary,4,2024-07-02 21:21:23.736198,41
19.230195086833305,72.9951683111756,Drug Offense,3,2024-02-12 04:27:38.736198,68
19.027942446643525,72.82864104574249,Drug Offense,1,2024-09-03 13:54:55.736198,121
19.005060658844247,72.89244897115994,Drug Offense,3,2024-09-18 01:42:41.736198,30
18.99751718466496,72.84084404869792,Drug Offense,1,2024-09-07 17:57:43.736198,54
19.046217724938224,72.78513121268874,Assault,5,2023-11-29 08:46:43.736198,25
19.045317716585288,72.90325353643797,Theft,2,2024-08-14 18:25:54.736198,23
19.202602033738355,72.99106560867688,Theft,2,2024-10-03 22:57:43.736198,62
19.216075478773025,72.96002184717071,Burglary,2,2024-08-02 17:19:27.736198,64
19.069694615107192,72.89287938440987,Burglary,3,2024-06-30 23:41:03.736198,79
18.989449766105647,72.84064366624818,Vandalism,5,2023-11-16 01:33:51.736198,33
19.22593870904463,72.98670083294382,Burglary,1,2024-02-08 06:57:52.736198,93
19.049436279022032,72.88163722471738,Theft,4,2024-03-04 13:25:09.736198,73
19.05732774894913,72.83960610417141,Drug Offense,1,2024-08-09 12:40:59.736198,96
19.03418811162367,72.81197729381984,Theft,4,2024-08-21 08:54:51.736198,100
19.032156639468433,72.8163155625251,Drug Offense,1,2024-07-14 08:44:15.736198,111
19.2177539092098,72.95943464081853,Vandalism,5,2024-09-16 00:49:41.736198,66
19.012500455651583,72.88627985977166,Vandalism,4,2024-04-06 11:59:53.736198,48
19.039790401728187,72.8843621513569,Assault,3,2024-09-28 09:25:07.736198,60
19.204536993096443,73.02314871610689,Drug Offense,1,2023-11-01 15:11:30.736198,16
19.016906302252266,72.86088429465073,Assault,1,2024-05-02 06:51:56.736198,115
18.96458060383214,72.87803013703845,Assault,4,2024-06-11 14:51:33.736198,3
19.082646280239594,72.86273026926888,Drug Offense,3,2024-03-28 08:34:19.736198,78
19.079463618517025,72.88540634759458,Burglary,3,2024-07-20 09:59:37.736198,90
19.213119157083586,72.9741730030183,Assault,5,2024-10-11 00:07:49.736198,82
19.080549198692083,72.90384285508566,Burglary,3,2024-03-25 17:12:05.736198,54
19.075644412565108,72.8384367863173,Drug Offense,3,2024-10-08 13:58:02.736198,49
19.05817620961775,72.83280734968025,Assault,3,2024-07-24 17:02:00.736198,96
19.108572310911427,72.8500979708357,Theft,2,2024-10-13 19:16:29.736198,19
19.238260202197193,72.92017489243612,Vandalism,5,2024-08-31 08:46:47.736198,2
19.030036199244346,72.8247955056022,Assault,1,2024-07-10 19:30:57.736198,114
19.251140303202728,72.99829634178685,Burglary,4,2023-12-17 21:25:09.736198,32
19.06673164614375,72.8683854049286,Assault,1,2024-02-23 18:22:16.736198,104
19.028550588286038,72.79409954977558,Theft,5,2024-04-18 17:51:40.736198,41
19.008689949571988,72.88526768954236,Theft,4,2023-11-30 10:22:21.736198,49
19.24486388283698,72.98922460018801,Theft,5,2024-05-09 13:46:20.736198,52
19.104055886218724,72.84966297874416,Drug Offense,3,2023-11-04 00:14:55.736198,21
19.20701504802685,72.98179102606395,Burglary,4,2024-01-29 17:20:18.736198,75
18.986467416529525,72.86832019902691,Drug Offense,3,2024-05-25 14:36:29.736198,27
19.242853379849464,72.95390717962617,Assault,1,2023-12-09 09:52:33.736198,34
19.062903952595647,72.83052188339879,Theft,1,2024-01-06 13:17:07.736198,77
19.05921564953555,72.87151575248298,Burglary,4,2023-11-22 13:43:50.736198,98
19.187786873708596,73.00335168206854,Vandalism,4,2024-05-17 02:07:04.736198,17
19.01796867866131,72.86315163410724,Burglary,5,2024-10-03 13:46:13.736198,105
19.012202501294134,72.83662472568436,Assault,5,2024-05-08 16:37:15.736198,96
19.03242550184518,72.82235689802282,Assault,3,2024-06-17 07:16:20.736198,123
19.040037123628302,72.81105818844605,Theft,4,2024-09-16 03:21:04.736198,99
19.19736178034636,72.98883305505055,Assault,1,2024-07-05 12:38:25.736198,47
19.038870318023,72.80131121526553,Assault,5,2024-01-11 02:36:51.736198,73
19.031355758792763,72.82987548512149,Assault,5,2024-03-10 03:45:33.736198,128
19.03175503870911,72.84495066448211,Vandalism,1,2024-09-22 19:25:28.736198,127
19.214486351984732,72.98244865746359,Assault,5,2023-11-29 09:24:08.736198,89
19.244334825787977,73.00933022393454,Drug Offense,3,2024-07-08 05:31:49.736198,19
19.007811211149637,72.87708321754138,Drug Offense,4,2024-09-12 16:41:17.736198,69
19.04959533585959,72.91432917531709,Theft,1,2024-03-08 21:55:50.736198,8
19.03467228218947,72.81830780392148,Theft,4,2024-07-19 07:37:41.736198,124
19.035564837019123,72.80205179631002,Theft,5,2024-09-29 11:37:10.736198,74
19.04986158546232,72.81545292995747,Burglary,5,2023-12-16 14:45:22.736198,107
19.01198247695863,72.7979646506218,Vandalism,1,2024-08-26 18:42:12.736198,23
19.06774317041651,72.85092632103844,Drug Offense,3,2024-04-05 02:18:24.736198,85
19.03392321305858,72.82021095458244,Burglary,2,2023-12-08 18:00:42.736198,119
19.025285353982746,72.80742467322702,Assault,1,2024-02-07 07:58:18.736198,79
19.077204604198823,72.92696484224972,Vandalism,2,2023-12-07 15:47:35.736198,10
19.21886362314738,72.97791762006712,Vandalism,2,2024-05-08 01:37:43.736198,94
19.080281874882605,72.85278522442576,Burglary,3,2024-06-09 08:41:02.736198,71
19.0773960416998,72.86999372806277,Burglary,2,2023-11-29 22:32:13.736198,102
19.02946202515937,72.85000907121372,Burglary,2,2024-01-31 01:16:59.736198,123
19.043815874153506,72.80593994117541,Assault,3,2024-03-21 12:53:44.736198,85
19.02520395702012,72.86841171490568,Burglary,2,2024-05-03 05:55:05.736198,90
19.05041260198547,72.83028374260294,Drug Offense,2,2024-08-10 21:25:04.736198,121
19.06656136268421,72.89947901193935,Theft,2,2024-06-16 02:39:17.736198,65
19.242308278158887,72.96496211442057,Drug Offense,1,2024-03-15 14:26:49.736198,44
19.240126202411886,72.99028276241815,Burglary,1,2024-10-12 11:17:47.736198,61
18.988639721991678,72.8122238808676,Assault,1,2023-12-16 03:26:10.736198,11
19.024691225959106,72.8422196423235,Burglary,3,2024-10-07 09:27:12.736198,128
19.048550104026603,72.89211755346192,Burglary,5,2024-09-12 19:24:51.736198,55
19.21987270380632,72.93813598630936,Theft,2,2023-11-13 04:07:09.736198,17
19.043011607882242,72.81443640434331,Burglary,2,2024-07-12 17:50:18.736198,103
19.08083924543132,72.83943439510685,Drug Offense,3,2024-03-09 11:58:51.736198,37
19.069067196065,72.85738436868029,Theft,2,2024-06-16 17:58:27.736198,90
19.258567744950533,72.98083070662165,Vandalism,1,2023-12-14 08:36:40.736198,30
19.054325684960073,72.82062844539621,Drug Offense,5,2024-03-17 16:11:27.736198,100
19.088953770762014,72.90816059712816,Theft,4,2024-01-12 18:30:44.736198,35
19.05942009978156,72.86649637919606,Drug Offense,2,2024-03-25 01:29:03.736198,100
19.05906412563863,72.84740305550629,Drug Offense,1,2024-09-04 11:56:25.736198,93
19.0831403097193,72.86384180809479,Burglary,4,2023-11-16 19:37:32.736198,77
19.07626003783756,72.90677068154315,Theft,5,2024-09-10 01:35:40.736198,43
19.236666332120045,72.94668998792753,Drug Offense,4,2024-02-02 00:02:57.736198,28
19.052173930055947,72.89083107217269,Vandalism,1,2024-08-21 14:50:57.736198,64
19.054647591412348,72.87485241029958,Burglary,4,2024-08-21 09:03:39.736198,87
19.198650252129234,72.97360733700006,Theft,3,2023-11-02 21:56:26.736198,53
18.991800782005182,72.83029842455873,Theft,4,2024-02-20 09:52:54.736198,25
19.137577616169104,72.90009149822869,Vandalism,2,2024-03-30 14:13:18.736198,2
19.03052900335365,72.84109921635162,Drug Offense,2,2024-07-24 01:36:24.736198,141
19.042521703849953,72.81473219535184,Drug Offense,3,2024-02-28 18:21:54.736198,105
19.22875670976071,72.96662599992122,Vandalism,1,2023-11-21 09:02:30.736198,76
19.02923186466179,72.79022571214774,Drug Offense,2,2024-07-28 22:41:33.736198,35
19.044757110210547,72.83755547350243,Drug Offense,5,2024-09-15 11:26:17.736198,115
19.012775278842874,72.86324110793029,Drug Offense,2,2024-04-07 23:39:36.736198,105
19.02101730876256,72.85252033327295,Drug Offense,2,2024-02-25 10:07:53.736198,131
19.06948680485756,72.78725016023928,Drug Offense,1,2024-02-29 02:52:15.736198,8
19.21943299849794,72.98869385508713,Vandalism,4,2024-09-27 00:31:41.736198,91
19.231074604440582,72.95523990174539,Assault,2,2024-09-30 22:18:30.736198,48
19.06541919269997,72.85966694908441,Burglary,3,2024-06-27 02:35:17.736198,98
19.000952888537917,72.86562831112774,Drug Offense,4,2023-12-04 17:58:00.736198,71
19.03772585618429,72.84466216260954,Assault,5,2024-02-22 03:00:51.736198,124
19.022312291162173,72.87161730387774,Burglary,1,2024-10-04 14:46:17.736198,89
19.0384787502374,72.80363506809367,Drug Offense,5,2024-10-05 23:38:18.736198,76
19.081861449465976,72.86341297163948,Theft,4,2024-03-05 03:34:06.736198,81
19.05983012794214,72.86766485912831,Burglary,4,2024-09-05 05:39:39.736198,99
19.227038763394926,73.00191292549573,Drug Offense,4,2023-11-17 19:08:08.736198,60
19.04561260068092,72.86801531854267,Assault,5,2024-01-01 10:54:40.736198,82
19.18444086371609,72.9761332074641,Assault,4,2024-04-25 03:54:28.736198,20
19.22038402207904,72.976848137442,Assault,5,2024-02-22 08:01:56.736198,98
19.037563774621688,72.78923618382606,Theft,4,2024-06-11 18:34:10.736198,35
19.231346457568268,72.94657215686031,Theft,3,2023-11-11 08:17:46.736198,30
19.21332617747633,73.0102469115204,Theft,4,2024-07-16 05:10:25.736198,38
19.02870816846404,72.8042949512597,Vandalism,5,2024-09-07 16:53:35.736198,69
19.033522085513805,72.86718489956638,Burglary,2,2024-03-15 23:26:07.736198,88
19.021580671395693,72.8122837142409,Theft,4,2024-03-24 05:12:18.736198,77
19.222975718235816,72.94698208707592,Assault,2,2024-02-12 11:15:55.736198,39
19.252839277024666,72.9701072762877,Theft,3,2023-11-05 15:54:15.736198,36
19.251978553829158,72.96892231474261,Drug Offense,1,2023-11-20 06:05:38.736198,36
19.08100985700692,72.88462896418994,Vandalism,3,2024-05-18 17:38:12.736198,92
19.199513292123623,72.97521824888557,Vandalism,4,2024-07-11 05:53:09.736198,56
19.087737141876005,72.9215091125162,Assault,2,2024-05-31 13:41:20.736198,14
19.042302119987674,72.82621108149715,Drug Offense,2,2023-12-14 05:55:13.736198,125
18.997175343657386,72.87036712894599,Assault,5,2024-10-08 10:47:04.736198,50
19.206272647120976,72.98449563868284,Vandalism,2,2023-12-16 14:35:30.736198,76
19.06651503959234,72.8587844236395,Drug Offense,5,2024-08-06 23:53:35.736198,95
19.03631356786295,72.88163110189988,Assault,1,2023-12-07 12:16:07.736198,61
19.004347524821085,72.86761197337187,Vandalism,4,2024-10-02 05:08:55.736198,78
19.092270344347394,72.85308271367133,Drug Offense,5,2024-04-04 13:56:06.736198,52
19.198507437268592,72.99691542375976,Assault,1,2024-06-25 21:13:43.736198,41
19.08119765588497,72.89333645743555,Theft,2,2023-10-31 02:02:57.736198,77
18.989335354140014,72.83405750639061,Theft,2,2024-09-18 16:41:04.736198,28
19.036123550950634,72.8943883328094,Vandalism,1,2024-01-03 09:07:14.736198,40
19.005896550607083,72.82280052158295,Assault,2,2024-01-25 06:24:00.736198,55
19.203589401148204,73.00282186350421,Assault,1,2023-12-17 23:29:56.736198,44
19.0507823209133,72.8960572389411,Burglary,5,2024-02-26 13:40:50.736198,45
19.077516091163876,72.86415676576976,Drug Offense,5,2023-11-18 08:00:30.736198,90
19.020566217717327,72.8166268108144,Drug Offense,1,2023-12-03 05:47:30.736198,70
19.085934283060226,72.87493471397659,Theft,5,2024-01-25 15:42:44.736198,84
19.013305592519377,72.83570111927379,Drug Offense,5,2023-11-12 09:02:53.736198,102
19.031237829792527,72.89313414651473,Theft,5,2023-11-13 12:04:26.736198,42
19.031164618181894,72.81975926405903,Drug Offense,3,2024-02-01 07:32:26.736198,116
19.230570359454607,72.95764414869603,Drug Offense,4,2024-03-31 19:00:59.736198,52
19.218940082981316,72.96303164259308,Burglary,2,2024-10-05 09:40:41.736198,70
19.082835119515543,72.91522341678433,Vandalism,3,2024-01-27 13:26:31.736198,21
19.086818854349954,72.81698228375134,Assault,5,2024-05-06 19:55:30.736198,10
19.040585466525716,72.84213647149748,Vandalism,1,2024-07-09 06:34:00.736198,119
19.056506366595453,72.89344169207486,Vandalism,5,2024-06-22 14:38:35.736198,62
19.030255637322128,72.9016138571561,Vandalism,4,2024-10-22 14:59:27.736198,20
19.04769258515899,72.8692870935447,Vandalism,5,2023-12-07 05:10:13.736198,83
19.07061186331111,72.89205084511592,Burglary,1,2023-12-31 04:54:38.736198,80
19.059205563156386,72.86571214709113,Vandalism,4,2024-03-04 22:47:55.736198,101
19.054618388958822,72.8145903936394,Vandalism,5,2024-04-15 10:28:31.736198,95
19.01265645234959,72.84256031504005,Theft,4,2024-01-27 05:08:27.736198,110
19.21689002443882,72.98783003287652,Burglary,2,2024-04-11 11:05:36.736198,90
19.03269343628092,72.8186893343539,Vandalism,2,2024-02-10 20:38:20.736198,118
19.0397420711779,72.84799752838296,Burglary,5,2024-01-29 13:54:08.736198,117
19.039501834392944,72.84317540193733,Vandalism,4,2024-09-03 09:13:30.736198,118
19.07558196812072,72.88004654766618,Assault,1,2024-02-21 23:33:10.736198,107
19.033623011564273,72.79810765133422,Drug Offense,5,2024-07-30 17:59:54.736198,54
19.068157836937356,72.84842970103736,Assault,2,2024-03-05 17:49:32.736198,81
19.236626553494048,72.98502976951795,Vandalism,2,2024-10-03 11:55:13.736198,79
19.244095055081655,72.9915636270254,Vandalism,5,2024-02-23 14:00:58.736198,54
19.211000945409143,72.96131580665322,Vandalism,4,2023-12-18 15:19:42.736198,68
19.038870422161967,72.82784731013632,Assault,2,2024-08-23 17:03:37.736198,130
19.211846403223156,72.9730833396709,Drug Offense,4,2024-03-05 19:56:25.736198,79
19.055743377593313,72.8839849466519,Vandalism,2,2024-01-05 08:07:30.736198,79
19.023083563620432,72.82173359699695,Drug Offense,2,2024-08-22 01:34:29.736198,91
19.250190101264497,72.96116077303363,Burglary,3,2024-05-17 05:56:50.736198,30
19.030480716417507,72.80451615986699,Assault,2,2024-07-06 17:59:30.736198,74
19.05387330051988,72.8537758675184,Drug Offense,1,2024-10-17 20:21:09.736198,97
19.076104873994364,72.8786396118753,Drug Offense,5,2024-04-14 06:55:20.736198,110
19.005137189471505,72.84509045761679,Assault,5,2024-08-21 12:26:54.736198,89
19.024138547475285,72.85181798942382,Vandalism,4,2024-01-11 08:44:50.736198,128
19.229065921580993,72.99955014674619,Vandalism,2,2024-01-23 20:14:41.736198,65
19.216534359032973,73.02969418675309,Burglary,1,2024-02-22 03:28:21.736198,14
19.045048795058687,72.7913489700107,Theft,4,2024-02-22 18:36:56.736198,37
19.046928831105543,72.81315944321832,Vandalism,3,2024-09-07 17:49:07.736198,100
19.027220184634736,72.86067768048558,Theft,4,2024-01-14 15:18:49.736198,112
19.088907518991704,72.90507263115065,Burglary,4,2024-08-19 13:49:54.736198,40
19.041428237354314,72.82087699245889,Vandalism,2,2024-06-19 20:07:35.736198,125
19.063965867755414,72.91474556369019,Assault,3,2024-09-14 19:03:01.736198,17
19.05872160556769,72.84503866447768,Drug Offense,4,2024-09-05 08:47:57.736198,97
19.221920431174073,72.95216336104087,Theft,1,2023-11-02 19:23:51.736198,49
19.021335335289542,72.84109234135293,Vandalism,1,2023-11-23 07:22:01.736198,130
19.061958938122455,72.87114675706805,Theft,5,2023-12-31 00:00:32.736198,104
19.02746635801762,72.8598967224739,Drug Offense,3,2024-09-19 08:27:08.736198,112
19.068801690765376,72.85427880200551,Burglary,3,2024-07-26 05:28:34.736198,92
19.077953521970976,72.8622398043229,Vandalism,5,2024-06-23 19:42:44.736198,86
19.09023229756178,72.85520715816325,Theft,4,2024-01-10 07:38:01.736198,57
19.030770885453457,72.89640409077533,Assault,3,2024-01-27 04:49:08.736198,31
19.007254230997994,72.88438694880371,Burglary,1,2024-07-10 09:44:33.736198,51
19.215530880320323,72.95361403527421,Drug Offense,1,2024-01-29 11:20:31.736198,49
19.19489773947881,72.9420603912484,Vandalism,2,2023-12-11 02:17:52.736198,18
19.024454506927555,72.86533506438307,Vandalism,3,2024-07-26 08:46:47.736198,97
19.119796058664353,72.8615340342929,Burglary,4,2023-12-10 07:35:16.736198,13
19.02159201845114,72.84871864759492,Assault,5,2023-12-07 06:29:23.736198,128
19.030687313127082,72.85508830658179,Vandalism,5,2024-10-20 17:28:46.736198,118
18.99780790359483,72.853684261598,Burglary,4,2024-02-01 17:15:41.736198,67
19.045864096135688,72.8315297075208,Theft,2,2024-04-04 10:31:33.736198,126
19.034453562086824,72.8461203272347,Drug Offense,5,2024-07-15 20:33:20.736198,125
19.232462173533772,72.99723404633589,Vandalism,3,2023-11-24 03:20:02.736198,66
19.016796840987116,72.82758449795764,Drug Offense,2,2024-05-21 12:13:21.736198,93
19.087531139261117,72.88392500309088,Assault,3,2024-08-18 16:52:26.736198,79
19.03728644796953,72.85192022311548,Burglary,1,2024-06-18 03:42:18.736198,117
19.023605097918207,72.8941380500875,Burglary,2,2024-02-16 15:38:49.736198,38
19.19454803161941,72.98429641420454,Vandalism,5,2024-05-21 14:29:14.736198,40
19.063366217962958,72.81186759374563,Assault,2,2024-03-05 04:15:18.736198,60
19.233733974212967,72.9211291475874,Assault,2,2024-01-24 17:45:00.736198,2
19.007109594674407,72.86598749122456,Drug Offense,2,2024-09-30 18:09:17.736198,91
19.075629737280153,72.8719268272216,Burglary,2,2024-08-16 15:28:03.736198,103
19.016900230190064,72.89161601271272,Vandalism,3,2024-06-09 22:36:24.736198,39
19.03893068035256,72.81351366407763,Vandalism,1,2024-01-08 17:27:05.736198,109
19.071020717030418,72.89713141901909,Vandalism,4,2024-03-14 08:22:55.736198,71
19.014439842028423,72.84766237860106,Theft,2,2024-02-10 04:51:24.736198,113
19.07109223767994,72.86262527671285,Assault,5,2024-06-03 01:15:24.736198,98
19.21993658717095,72.97612220693617,Assault,2,2024-06-20 23:24:59.736198,98
19.04844661264086,72.8589434992017,Drug Offense,5,2024-09-04 17:01:22.736198,92
19.21561965666654,72.97839376389459,Theft,3,2023-12-11 20:16:45.736198,93
19.095502394668355,72.87475885236996,Drug Offense,5,2023-11-20 21:16:24.736198,66
19.043884389133453,72.8487444111083,Vandalism,4,2024-06-11 07:07:39.736198,109
19.207727666365003,72.9898272803751,Drug Offense,1,2024-01-15 13:23:44.736198,77
19.20483018751512,72.98367988324448,Theft,5,2024-04-02 00:21:08.736198,72
19.026848195587025,72.82222287766092,Vandalism,5,2023-11-18 10:29:02.736198,103
19.07325377137919,72.81507752797914,Assault,1,2024-09-16 13:13:06.736198,40
19.045168137725835,72.8500506016211,Theft,4,2023-12-10 04:54:55.736198,102
19.055255076913472,72.87389322643833,Drug Offense,2,2024-05-08 06:31:19.736198,87
19.05813687794185,72.81487344885763,Burglary,5,2024-05-22 22:07:43.736198,87
19.05949005606415,72.87127228316695,Drug Offense,1,2024-05-27 18:06:37.736198,99
18.9973579124948,72.82310286656269,Theft,3,2023-12-20 21:34:41.736198,33
19.203220708222666,72.97248649846266,Assault,1,2024-01-01 21:58:30.736198,73
19.005752121515226,72.83892018460641,Burglary,3,2024-05-22 20:06:42.736198,83
19.007145539589622,72.87718018451675,Burglary,4,2024-04-20 13:25:24.736198,68
19.060334934153275,72.87125876967589,Assault,2,2024-08-05 16:52:11.736198,102
19.006804806393813,72.84063390549196,Assault,1,2024-08-29 06:31:20.736198,91
19.00784787551855,72.8475488362436,Burglary,5,2023-12-04 09:01:25.736198,98
19.05499266346427,72.82701592633164,Vandalism,4,2024-08-22 09:07:12.736198,103
19.061671692524662,72.80443642098639,Drug Offense,1,2024-06-20 08:47:09.736198,52
19.086386930284824,72.90835477826006,Assault,5,2024-07-31 23:28:35.736198,37
19.222793694515037,72.99675181663746,Burglary,1,2024-06-06 01:01:47.736198,77
19.005344226190314,72.84844596880129,Vandalism,3,2024-03-01 01:04:36.736198,93
19.206769791985465,72.9262791541571,Vandalism,1,2024-09-01 08:40:03.736198,8
19.00381400379248,72.83545820512235,Vandalism,1,2024-08-10 14:11:37.736198,69
19.012685138718282,72.85074552860505,Vandalism,1,2024-07-02 16:40:20.736198,115
19.107584256310147,72.89304869458306,Burglary,4,2024-02-01 22:26:18.736198,31
18.985921943530286,72.87140829312288,Theft,1,2024-05-16 20:32:14.736198,23
19.213874927528284,72.97256373400222,Theft,5,2024-06-15 05:34:47.736198,84
19.066787224580803,72.89884244452438,Theft,3,2023-12-08 23:56:17.736198,68
18.992569211516194,72.88507529208147,Assault,3,2024-08-24 09:39:46.736198,33
19.02153042339403,72.87038007515177,Drug Offense,1,2024-03-05 18:36:04.736198,90
19.099162217470003,72.89353325387927,Drug Offense,4,2023-12-12 02:05:32.736198,45
19.093446412734416,72.88136684011477,Burglary,4,2024-09-11 20:37:18.736198,70
19.038933493791784,72.87958591180892,Theft,5,2024-06-28 04:06:30.736198,61
19.077835215530712,72.83794862170798,Burglary,1,2024-10-09 18:38:28.736198,42
19.04162427844328,72.84803849253957,Drug Offense,3,2024-10-08 07:26:28.736198,114
19.025489042847568,72.8477803103836,Theft,4,2024-07-07 03:39:56.736198,132
19.02576505511429,72.82214832791524,Assault,1,2024-10-13 20:53:43.736198,103
19.21944026249794,72.98347184557726,Vandalism,4,2024-07-29 12:27:18.736198,91
19.034313842241303,72.83360586290685,Theft,4,2024-09-24 22:34:01.736198,134
19.01668827967289,72.86106678898645,Vandalism,3,2024-05-17 13:17:20.736198,115
19.239291054306385,72.96739529576878,Vandalism,2,2024-07-30 18:06:27.736198,51
19.047667966035345,72.87374724581151,Theft,5,2024-10-23 03:15:42.736198,83
19.08972520380749,72.84544568257621,Drug Offense,5,2023-12-06 03:57:16.736198,37
19.064212704861117,72.89469204194043,Vandalism,3,2024-02-24 20:37:40.736198,70
19.038183112746516,72.86565194964827,Assault,4,2023-12-07 09:39:41.736198,91
19.083681308978786,72.87704610503812,Burglary,1,2024-01-09 10:42:39.736198,88
19.05272859964867,72.81978717035405,Burglary,4,2023-10-28 13:35:17.736198,103
19.016808896922868,72.86983001394745,Assault,3,2024-08-31 23:11:58.736198,89
19.09244120319989,72.91563585965308,Assault,5,2024-01-04 19:41:23.736198,17
19.01117465319862,72.85721224717332,Theft,4,2024-10-12 11:24:38.736198,111
19.020259393482938,72.84219758370122,Theft,5,2024-07-24 23:09:21.736198,126
19.04271512251147,72.83830785395561,Burglary,1,2023-11-15 23:09:42.736198,114
19.23285259087274,72.97913891771614,Assault,5,2024-04-03 15:33:45.736198,86
19.20258021078984,72.95147534092884,Burglary,5,2024-01-26 13:22:13.736198,37
19.039657114699907,72.8402145999136,Theft,2,2024-04-17 14:48:42.736198,122
19.188721768624518,72.98176719839559,Drug Offense,2,2024-02-01 20:02:30.736198,30
19.06054349570925,72.8729636278652,Assault,2,2024-06-13 08:24:06.736198,96
19.04287188486082,72.82610322317639,Drug Offense,5,2024-09-04 01:48:20.736198,126
19.035022494068635,72.84967952935665,Vandalism,3,2023-11-20 21:30:27.736198,119
19.058322851275978,72.88077450211891,Vandalism,5,2024-08-14 23:20:38.736198,88
19.023009136515597,72.85519523781102,Drug Offense,3,2024-06-06 10:01:39.736198,124
19.217907244021465,72.98914979908834,Assault,3,2024-05-12 15:18:37.736198,91
19.21484107880153,73.01233416960284,Theft,2,2024-02-18 23:00:05.736198,38
19.065541613385736,72.81809237672093,Assault,4,2024-01-12 16:01:32.736198,64
19.060817346768925,72.88070787572953,Vandalism,1,2024-06-20 16:26:00.736198,95
19.08630095372612,72.9547546298131,Theft,2,2024-02-22 11:59:52.736198,1
19.07160656224325,72.88484225143024,Theft,2,2024-07-18 12:27:17.736198,101
19.018714498245775,72.87808383036942,Burglary,4,2023-12-01 00:05:11.736198,75
19.03037184917555,72.82296959875463,Theft,1,2024-07-04 08:47:24.736198,111
19.235701354613774,72.98801363775945,Drug Offense,5,2023-11-29 20:17:23.736198,79
19.249142199051356,73.01822185776318,Assault,5,2024-09-24 02:43:45.736198,8
19.07215278070438,72.88373094684668,Drug Offense,2,2024-01-01 09:17:06.736198,105
19.07728560038191,72.85614510444142,Vandalism,1,2024-04-08 11:51:47.736198,79
18.96366226714117,72.85511410266965,Drug Offense,2,2023-12-15 10:52:44.736198,3
19.09917191158015,72.86128635363298,Burglary,3,2024-01-18 21:47:47.736198,42
19.0885133469553,72.86055684887168,Vandalism,2,2024-02-24 16:11:35.736198,66
19.06139266736566,72.88202917179164,Drug Offense,2,2023-10-28 04:03:58.736198,91
19.203931854688616,72.99599848753888,Drug Offense,5,2024-04-20 08:30:35.736198,55
19.035955864478577,72.84227497239408,Theft,5,2024-09-22 23:22:49.736198,126
19.01988455297324,72.85920603522923,Theft,5,2024-01-23 19:14:23.736198,119
19.022042675432676,72.84662502756673,Theft,3,2024-05-07 23:24:29.736198,133
19.012222226188904,72.83406948182517,Drug Offense,5,2024-03-05 22:32:45.736198,96
19.101338222983735,72.86354661068764,Theft,1,2024-06-14 13:06:04.736198,41
19.053553730536994,72.86901685722535,Theft,4,2024-08-05 11:15:57.736198,88
19.216867974811716,72.9773555552698,Theft,1,2024-03-04 00:53:25.736198,92
19.22930104198049,72.95873311090273,Theft,1,2023-11-21 07:53:19.736198,54
19.062789144010534,72.82904388723743,Drug Offense,5,2024-03-21 07:35:34.736198,77
19.022794450034432,72.83811366749791,Drug Offense,4,2023-11-09 13:26:44.736198,130
19.049173872585595,72.82570643677542,Drug Offense,4,2024-06-12 10:24:22.736198,118
19.045853406319893,72.85299356916939,Assault,4,2023-11-30 22:16:22.736198,98
19.0219451394852,72.82528493728222,Drug Offense,3,2023-12-18 10:23:35.736198,95
19.024122660444846,72.8311777284723,Vandalism,5,2024-06-23 11:13:52.736198,119
19.0869419476234,72.87365614695133,Theft,4,2024-02-06 22:23:47.736198,84
19.20603194672918,72.97205060627023,Vandalism,3,2024-04-07 11:04:18.736198,74
19.056161022028814,72.83051688949888,Theft,2,2024-09-03 03:14:11.736198,105
19.048782538824902,72.81363615449004,Burglary,2,2024-07-24 21:31:17.736198,100
19.084258629085515,72.86642550894392,Assault,3,2024-06-04 19:06:17.736198,81
19.073668994864843,72.83311623369109,Assault,3,2023-12-14 09:49:43.736198,51
19.0185704325589,72.83958099767177,Assault,5,2024-09-06 07:07:46.736198,121
19.02703602233155,72.82043251085177,Vandalism,5,2024-09-29 14:43:56.736198,98
19.21781290815478,73.02094540717223,Vandalism,2,2024-06-19 13:23:16.736198,24
19.23295280154431,72.97648566839783,Drug Offense,4,2023-12-17 03:57:18.736198,91
19.040713825170588,72.83671616546319,Theft,2,2024-09-14 17:22:17.736198,128
19.215881037027845,72.98649064887813,Assault,4,2024-09-03 11:09:44.736198,88
19.041311015629248,72.81712356553619,Drug Offense,4,2024-04-16 07:31:55.736198,116
19.025840348264868,72.8039623929192,Vandalism,5,2023-11-15 17:24:59.736198,65
19.05820971140749,72.86138379430069,Theft,1,2024-10-06 18:31:14.736198,98
19.019521499872017,72.82335886189527,Vandalism,1,2024-03-12 02:08:01.736198,85
19.105022872155903,72.89688541652171,Burglary,3,2024-01-04 02:25:44.736198,33
19.077740941364763,72.8717198529907,Theft,5,2024-02-02 19:54:40.736198,101
19.004852257453873,72.87998033062215,Burglary,4,2024-03-31 05:56:09.736198,60
19.013180716523408,72.85673771677989,Burglary,1,2024-06-02 15:14:58.736198,112
19.003513126189148,72.82803077407273,Vandalism,4,2024-01-02 18:17:35.736198,55
19.01595697643215,72.87854591663177,Assault,1,2024-02-18 05:37:47.736198,72
19.04150164334974,72.86645424941518,Drug Offense,1,2023-11-11 02:30:28.736198,82
19.20737511103495,72.98593608010805,Vandalism,1,2024-04-05 17:51:00.736198,77
19.032680731097717,72.83666115596561,Theft,5,2024-01-14 15:58:32.736198,137
19.251751447736755,72.98648038018732,Drug Offense,2,2024-02-18 10:18:14.736198,42
19.077547366152952,72.86047431597343,Assault,4,2024-07-25 10:40:10.736198,86
19.04956101079008,72.81266702865156,Assault,5,2024-09-30 18:09:09.736198,102
19.109742832701453,72.895332795139,Assault,5,2024-10-02 15:24:46.736198,27
18.968167109997456,72.84026209489059,Burglary,5,2024-09-29 18:54:07.736198,6
19.08142381371506,72.8192867837237,Burglary,5,2024-08-01 06:27:52.736198,22
19.111309084805622,72.88579963421923,Assault,5,2024-04-17 13:06:04.736198,29
19.24223143003329,72.97492940853945,Assault,3,2023-11-09 21:49:59.736198,55
19.038902880363835,72.80749994838352,Vandalism,4,2024-06-23 11:36:04.736198,94
19.220970818095644,72.9750506032724,Vandalism,5,2024-09-29 12:02:24.736198,98
19.015273650726563,72.81883788854742,Drug Offense,4,2023-12-19 22:47:23.736198,73
19.001790510891094,72.86562936714272,Drug Offense,3,2023-11-12 03:04:15.736198,73
19.080177271900094,72.83850659752241,Burglary,3,2024-05-31 11:34:14.736198,40
18.99614135128916,72.8003053859058,Vandalism,4,2024-08-04 22:46:38.736198,11
19.220804490052956,72.9695118891775,Theft,1,2024-08-17 00:37:29.736198,91
19.006701618263822,72.86418272228704,Assault,2,2024-03-11 07:06:04.736198,92
19.07998119391147,72.86569566245683,Drug Offense,1,2024-08-12 12:03:37.736198,88
19.01694493459568,72.84533150457733,Burglary,1,2024-07-17 08:10:56.736198,121
19.19645374470655,72.97177183100611,Burglary,1,2024-05-27 14:48:05.736198,42
19.18993268534134,72.94288382376038,Burglary,5,2023-12-14 16:40:15.736198,15
19.2223219809343,72.99911308792015,Drug Offense,3,2024-09-08 22:52:45.736198,67
19.062697032661948,72.85281165647096,Theft,1,2024-10-05 11:55:03.736198,91
19.237935309739832,72.97160337232982,Burglary,3,2024-05-23 10:40:53.736198,68
19.028196083558306,72.88503137241315,Theft,4,2024-10-22 14:30:14.736198,51
19.190508550664727,72.94519202506086,Theft,2,2024-09-25 16:01:36.736198,16
19.21799380301654,72.98968582999201,Burglary,4,2023-12-20 15:30:26.736198,90
19.025325962785395,72.82698718563442,Theft,4,2024-06-08 07:18:22.736198,110
19.07610226913285,72.8730082573325,Vandalism,5,2024-09-28 12:05:48.736198,105
19.003343084346458,72.85832860455383,Assault,2,2023-11-21 05:45:34.736198,84
19.2049185452268,72.99889809374793,Vandalism,4,2024-04-03 23:52:17.736198,54
19.077939919299855,72.88960314050874,Drug Offense,4,2024-03-28 18:04:09.736198,87
19.229679661583706,73.01066793246257,Assault,2,2024-01-22 13:19:16.736198,34
19.03481395550965,72.80665158040252,Theft,2,2024-03-06 01:46:38.736198,85
19.01752794921819,72.83303270621614,Vandalism,4,2024-02-26 20:24:15.736198,111
19.02232635161707,72.79914394156842,Vandalism,2,2024-04-29 12:57:53.736198,42
19.2227890363712,72.99904196605225,Vandalism,4,2024-02-04 16:10:01.736198,67
19.071530744293483,72.89198000988185,Theft,4,2024-06-18 01:18:46.736198,80
19.208636270754013,73.0095797352658,Burglary,5,2024-09-24 02:03:24.736198,38
19.052131196083153,72.83857869682171,Burglary,1,2024-06-21 01:25:32.736198,107
19.049910609989904,72.89109345097661,Assault,4,2024-02-02 07:08:03.736198,58
19.034992118402116,72.8833127571761,Vandalism,3,2024-01-10 18:38:58.736198,60
19.198528177856982,72.95602821365569,Theft,1,2024-02-12 18:49:35.736198,38
19.053094656345888,72.80357286690018,Theft,1,2024-06-02 18:03:23.736198,72
19.059269774411042,72.78552936053524,Vandalism,1,2024-09-29 03:51:16.736198,14
19.186440125329366,72.9869094947592,Vandalism,5,2024-05-14 14:47:23.736198,23
19.196374498262095,72.94929898234811,Theft,4,2024-08-17 01:49:12.736198,24
19.03094701276531,72.82439214910474,Drug Offense,5,2024-04-23 20:47:50.736198,115
19.076199290587425,72.83534254982143,Assault,4,2024-06-11 18:24:29.736198,44
19.0214219813604,72.85712873096313,Theft,5,2024-02-01 05:26:57.736198,117
19.02343229121623,72.82653583799639,Burglary,5,2024-01-24 11:06:48.736198,102
19.040955641233197,72.86128841686603,Drug Offense,3,2024-10-01 11:39:58.736198,92
19.08609974557961,72.89501510388341,Vandalism,5,2024-07-13 22:39:38.736198,67
19.056518015530592,72.82439472389437,Vandalism,2,2023-10-30 03:13:34.736198,94
19.063987226201625,72.87186612500413,Theft,3,2024-10-14 12:11:14.736198,104
18.995145559568755,72.86384819492368,Burglary,5,2024-02-09 00:52:32.736198,51
19.01880900811095,72.83043398446473,Drug Offense,1,2024-08-05 16:00:27.736198,104
19.106462481545393,72.88847820087369,Burglary,2,2024-07-25 03:19:00.736198,35
19.057339088090213,72.81382361020488,Assault,2,2024-10-11 00:57:59.736198,88
19.023756035377843,72.82199663214686,Drug Offense,2,2023-12-27 18:47:30.736198,96
19.220407510122918,72.95141949010163,Burglary,3,2024-06-29 18:41:17.736198,43
19.0666105122813,72.88855120087172,Assault,5,2024-09-07 17:00:27.736198,87
19.04387107359485,72.88176927271735,Drug Offense,5,2024-04-24 01:14:49.736198,65
19.227417755441632,73.02140004689802,Assault,1,2024-02-03 14:30:31.736198,16
19.0896390594259,72.87149466486814,Burglary,1,2024-05-05 08:37:21.736198,76
19.266368311704763,72.97694762405932,Burglary,2,2024-05-31 12:46:17.736198,15
19.242089409778494,72.95354784369725,Theft,1,2023-12-19 04:58:39.736198,33
19.047411383944617,72.84347274698857,Vandalism,3,2023-11-28 02:30:15.736198,105
19.052334829746684,72.8369153564448,Vandalism,5,2024-06-13 22:34:56.736198,104
19.05790191573696,72.83082356574229,Assault,2,2023-11-27 15:46:39.736198,97
19.030475453803124,72.85600621785218,Drug Offense,1,2024-05-18 07:14:02.736198,122
18.99491519479454,72.83818090792721,Assault,3,2024-03-16 20:56:18.736198,46
19.033316003173017,72.8647091512357,Vandalism,3,2023-11-18 11:30:50.736198,100
19.038224078746655,72.85247294341009,Burglary,1,2024-02-04 13:18:02.736198,114
19.057611515315326,72.90869868810036,Burglary,5,2023-11-06 00:17:07.736198,27
19.010327755755725,72.85506108752558,Vandalism,1,2024-01-21 18:35:32.736198,109
19.259424142598807,72.95603583268556,Theft,2,2024-06-17 08:43:10.736198,14
19.039072634997197,72.83566969401178,Assault,1,2024-07-31 06:20:28.736198,134
19.016278404027055,72.83197967600475,Drug Offense,3,2024-06-20 13:12:50.736198,105
18.995388483090686,72.89124540886847,Drug Offense,1,2023-11-09 20:29:10.736198,23
19.03273977233291,72.83775669351645,Vandalism,5,2024-03-14 21:27:53.736198,141
19.259805217452506,72.96431624363821,Burglary,4,2024-01-07 21:51:32.736198,16
19.03427844309098,72.86538360158457,Vandalism,1,2024-04-06 06:41:33.736198,97
19.08287236579137,72.84243919689276,Theft,5,2024-07-19 15:21:47.736198,41
19.082481679387897,72.86999835439168,Burglary,5,2024-06-20 22:35:33.736198,92
19.007378845316943,72.80964652400532,Vandalism,3,2024-01-21 00:21:43.736198,32
18.990636291557887,72.87106528188046,Burglary,5,2024-02-17 17:18:07.736198,39
19.04173730941818,72.90477744748331,Theft,5,2024-10-10 13:58:25.736198,18
18.998260477137418,72.85524577287717,Theft,5,2024-05-14 04:55:52.736198,71
19.070706863335243,72.93210338333179,Drug Offense,5,2024-10-20 05:09:42.736198,4
19.2123487299328,73.00561413626623,Burglary,2,2024-08-14 13:10:35.736198,47
19.21778891858017,73.00155458038519,Assault,2,2024-02-15 20:06:04.736198,62
19.041632740815892,72.81309977940235,Drug Offense,3,2024-04-12 09:29:49.736198,106
19.024352053241504,72.84796246067755,Assault,1,2024-09-26 22:01:49.736198,133
19.075707513789386,72.81405359061577,Burglary,5,2024-03-14 02:45:27.736198,32
19.118660667493124,72.83865824400955,Burglary,1,2024-09-29 20:18:31.736198,7
19.235509469767194,72.96643845122861,Burglary,1,2024-08-09 01:49:33.736198,61
19.0233173078145,72.86288913579975,Vandalism,3,2024-10-12 08:35:59.736198,107
19.21240100643416,73.00305484145348,Theft,5,2024-07-16 21:09:00.736198,56
19.196232667876522,72.93504218814095,Burglary,5,2023-12-03 18:01:21.736198,14
19.011776185959356,72.83840076628152,Vandalism,4,2023-11-19 02:31:16.736198,96
19.028795808958623,72.87781561451109,Burglary,1,2024-02-02 02:10:31.736198,67
19.033745129556358,72.80143342783482,Vandalism,1,2023-11-05 14:00:18.736198,69
19.220745950060646,72.98896596058073,Vandalism,2,2024-02-26 17:08:36.736198,90
19.213152469251533,72.94472831852245,Vandalism,4,2023-11-26 01:56:40.736198,35
19.05159637313857,72.81567484690763,Burglary,2,2023-11-26 05:20:05.736198,108
19.056851474024054,72.8584976386979,Assault,2,2024-10-16 14:13:17.736198,93
19.066501093776782,72.86463341534854,Drug Offense,2,2024-08-05 21:45:30.736198,106
19.113315490222895,72.88717665841824,Vandalism,3,2024-07-28 14:12:59.736198,25
19.040774860658154,72.82203703765917,Burglary,3,2024-07-15 18:42:56.736198,126
19.04273540018711,72.81633766285455,Vandalism,2,2024-09-29 06:24:13.736198,108
19.074746418054538,72.89680284641003,Burglary,4,2024-07-17 20:33:10.736198,70
19.201593058934805,73.02100298255546,Vandalism,1,2024-07-05 11:35:01.736198,17
19.020525475853585,72.82267119411553,Theft,4,2023-10-31 13:37:41.736198,85
19.00855387361502,72.80772241346742,Theft,5,2024-06-04 19:24:38.736198,30
19.09500847676372,72.86616192688676,Assault,3,2024-08-19 04:01:54.736198,59
19.207150164299843,72.95070394040842,Drug Offense,1,2023-12-06 02:57:17.736198,42
19.181575892537932,72.98825982653825,Theft,1,2024-08-21 07:49:26.736198,15
19.06246250090752,72.83076170840194,Burglary,5,2024-01-08 12:46:40.736198,79
19.0567015307884,72.89142102919998,Vandalism,5,2024-02-04 04:14:53.736198,65
19.04302582487108,72.81272963093822,Vandalism,2,2024-05-05 05:11:05.736198,103
19.06341164636086,72.80708759581846,Theft,3,2024-09-18 05:30:05.736198,53
19.236203864400554,72.99080343603363,Theft,3,2023-11-16 08:01:11.736198,69
19.06572266165327,72.85651572956222,Vandalism,4,2024-07-28 06:58:51.736198,97
19.006126759862397,72.8452628211752,Assault,2,2023-11-24 19:09:04.736198,94
19.068714156817293,72.8031765030357,Burglary,2,2024-01-01 09:57:11.736198,33
19.022587673674217,72.88774906559527,Theft,2,2024-02-26 16:22:15.736198,52
19.0231993725264,72.83369021905403,Assault,2,2023-11-11 10:51:13.736198,125
19.20531444909868,72.95362119466475,Vandalism,3,2024-05-07 14:21:13.736198,42
19.06539484763255,72.86184254335475,Theft,3,2023-11-19 20:24:37.736198,102
19.2181785817692,72.99486981548903,Burglary,2,2024-01-12 21:11:50.736198,83
19.071249306001285,72.81549906970801,Assault,4,2024-10-20 17:02:34.736198,47
19.027953180409384,72.84168512373694,Burglary,1,2024-10-08 23:20:57.736198,133
19.205824620786082,73.01638062707734,Drug Offense,1,2024-05-16 00:45:24.736198,24
19.228119499032765,72.992797555721,Drug Offense,4,2023-12-12 12:53:12.736198,78
19.045665408210752,72.79173444043364,Vandalism,2,2024-05-26 21:37:42.736198,38
19.03373877896633,72.82343586023971,Theft,3,2023-11-29 05:16:46.736198,125
19.242561953999584,72.98093433827279,Burglary,1,2024-08-16 09:18:41.736198,62
19.193784686739953,72.9488125023958,Vandalism,5,2024-09-27 11:09:54.736198,21
19.081151007814455,72.87621108168469,Burglary,5,2024-01-08 15:10:02.736198,97
19.092250516447884,72.90482480057142,Drug Offense,4,2024-02-16 20:31:49.736198,40
19.194106105143177,72.99009857459993,Assault,2,2024-05-06 00:42:34.736198,38
19.246287108731718,72.99659267365826,Burglary,1,2024-04-24 20:57:30.736198,43
19.24223262973291,72.96590434191361,Vandalism,2,2023-11-08 23:02:46.736198,46
19.021154020018667,72.8294931128258,Theft,1,2024-01-29 23:04:46.736198,106
19.108648226078632,72.84909717244079,Drug Offense,4,2024-03-17 09:51:53.736198,19
18.999946609079718,72.837448433543,Drug Offense,4,2024-07-18 15:02:13.736198,55
19.06240615183947,72.85471226745163,Assault,5,2024-06-01 19:21:38.736198,91
19.25169809008703,72.98599343059645,Theft,2,2024-05-18 02:19:27.736198,42
19.023393373507886,72.8069451005895,Burglary,5,2024-05-21 08:05:13.736198,69
19.191357474209404,72.95866771922978,Burglary,2,2024-09-29 03:31:08.736198,30
19.220691607368284,72.95863862118237,Theft,5,2024-07-03 14:08:06.736198,65
19.233141907440185,72.98408585160813,Drug Offense,3,2024-05-17 14:27:18.736198,91
19.04676921952539,72.84685195071215,Burglary,3,2024-05-27 07:24:36.736198,102
19.040747325072346,72.80100941390658,Vandalism,3,2024-03-14 22:32:51.736198,75
19.204260166243863,72.96484198164897,Assault,3,2024-01-12 04:46:00.736198,60
19.086300705344172,72.88797571901824,Drug Offense,1,2024-06-29 21:27:00.736198,74
19.048910480584688,72.85488499477854,Burglary,3,2023-11-20 16:14:28.736198,102
19.19086197714137,72.94582877204246,Burglary,4,2024-05-28 11:28:57.736198,17
19.071646375935455,72.89967553703976,Assault,4,2024-02-09 20:25:45.736198,62
19.03549714826685,72.8814290862954,Drug Offense,1,2024-03-26 14:38:13.736198,61
19.064927013893058,72.85374244214823,Drug Offense,3,2023-11-09 07:17:26.736198,92
19.04286957481502,72.80286250697544,Drug Offense,3,2023-10-30 15:32:38.736198,81
18.998612022223362,72.90884764129675,Theft,3,2024-09-27 14:12:14.736198,6
19.200550156443956,72.96935083399353,Assault,5,2024-05-03 00:17:08.736198,57
19.022941005317385,72.87399261591247,Assault,2,2024-07-30 14:52:49.736198,86
19.05955559208867,72.88257374422984,Theft,5,2024-04-02 23:23:36.736198,88
19.211326957311844,72.97111484591363,Drug Offense,2,2024-09-03 04:54:34.736198,77
19.0198192041768,72.84425358776923,Drug Offense,3,2024-10-20 08:07:10.736198,130
19.073824797030863,72.88573423444198,Vandalism,3,2024-04-17 01:48:13.736198,96
19.075730055505243,72.85654578142089,Assault,5,2023-11-26 15:13:19.736198,86
19.219176229439583,72.97515995996743,Vandalism,5,2024-07-19 06:11:11.736198,93
19.034093790864397,72.81838103291392,Assault,2,2024-01-03 11:18:19.736198,121
19.030248154781113,72.87565108899254,Burglary,4,2024-07-29 04:48:43.736198,70
19.190962426031692,72.97360469196214,Theft,2,2024-07-14 13:19:26.736198,31
19.05636982697904,72.88694206948527,Theft,5,2023-11-14 08:11:27.736198,73
18.995978869191838,72.87726305706666,Drug Offense,5,2024-08-22 03:09:37.736198,43
19.020001663285793,72.76305475573436,Vandalism,1,2024-02-05 21:13:27.736198,2
19.097661024863505,72.8987760410407,Burglary,5,2023-11-08 15:35:58.736198,41
19.229129254564096,72.99328310320605,Vandalism,1,2024-08-28 17:07:21.736198,75
19.044739814344496,72.83081878435408,Assault,4,2024-07-10 17:16:38.736198,129
19.221308378102872,72.98539922004932,Theft,2,2024-02-15 06:35:16.736198,89
19.233478571795736,72.98372382847938,Burglary,2,2024-03-28 18:14:44.736198,93
19.03115125250719,72.82773007050412,Theft,1,2024-01-15 08:16:32.736198,123
19.094308042354044,72.8842750221932,Drug Offense,2,2023-11-10 18:14:27.736198,64
19.06686249275173,72.82789284384396,Drug Offense,5,2024-04-14 20:58:13.736198,67
19.223647846281438,72.98453395612391,Burglary,3,2024-01-09 08:15:51.736198,92
19.11372371802421,72.88119155625664,Assault,1,2024-08-16 14:23:19.736198,27
19.118878881786507,72.89037838044636,Burglary,2,2023-12-20 10:22:41.736198,13
19.08192240554129,72.8829211054436,Burglary,1,2024-04-05 10:46:21.736198,91
19.00973123615558,72.80438259867007,Drug Offense,1,2024-07-16 12:45:15.736198,28
19.247830806994518,73.00570182708294,Vandalism,3,2024-08-21 09:42:39.736198,27
19.08465049838486,72.79914934171491,Vandalism,5,2024-05-11 13:07:06.736198,9
19.055133876029505,72.81100192686755,Burglary,1,2024-04-15 22:17:40.736198,86
18.98962864852362,72.8674593847338,Vandalism,2,2024-08-29 07:00:33.736198,37
19.06021240053009,72.83143467136402,Theft,4,2024-04-18 08:27:10.736198,90
19.021820349344054,72.85426573776259,Vandalism,1,2023-11-25 05:57:44.736198,126
19.077993027301755,72.86763048691768,Drug Offense,1,2024-08-18 11:28:40.736198,96
19.016937460542525,72.89209115727036,Assault,3,2024-01-04 22:57:41.736198,38
19.008676331335707,72.81840918538109,Assault,5,2024-01-30 21:33:44.736198,50
19.047287686031545,72.81343667414379,Vandalism,4,2024-08-06 13:21:18.736198,101
19.093991997508667,72.88384599041754,Drug Offense,2,2024-07-20 06:39:06.736198,65
19.054579121898907,72.87873130059096,Drug Offense,4,2023-11-20 06:59:15.736198,79
19.09661999044992,72.89632560238233,Assault,2,2024-07-23 13:11:49.736198,49
19.071316932505535,72.87301726086102,Assault,5,2024-01-14 11:27:26.736198,114
19.02914144254361,72.85213909227915,Vandalism,2,2024-09-19 14:34:48.736198,124
19.00233481686915,72.82010235798671,Assault,3,2023-11-01 20:52:05.736198,37
19.046597127839945,72.79994649718148,Theft,3,2024-02-11 21:59:38.736198,72
19.22961019291263,72.94288474481688,Burglary,3,2023-11-12 21:56:47.736198,25
19.031486774119127,72.8479887618634,Assault,3,2024-06-24 10:25:14.736198,124
19.259530071532726,73.00226732461186,Assault,4,2024-08-26 16:07:14.736198,19
19.066579233887634,72.88234099874715,Vandalism,5,2024-06-08 17:40:32.736198,98
19.21071744518025,72.97402839279795,Burglary,2,2024-04-04 12:19:36.736198,83
19.08086595552435,72.84210096131429,Vandalism,2,2024-09-21 23:10:25.736198,44
19.029757930194332,72.85993218246313,Theft,3,2024-08-15 09:38:04.736198,110
19.075755064543063,72.85975491257028,Assault,3,2024-09-14 04:25:42.736198,90
19.01787858583826,72.8557174982578,Vandalism,1,2024-07-13 01:53:00.736198,124
19.236681529659755,72.97229450911622,Theft,5,2023-12-20 05:47:20.736198,69
19.054512089320067,72.8222916136251,Assault,4,2024-10-06 00:39:35.736198,99
19.037239314316285,72.83609321064539,Assault,2,2024-06-08 20:25:28.736198,133
19.07716417436892,72.8548405940434,Vandalism,1,2024-08-28 06:32:17.736198,77
19.023031576743907,72.8306650284836,Theft,1,2023-12-25 03:08:28.736198,115
19.232747627156556,72.97064333695816,Vandalism,2,2024-05-08 05:39:00.736198,75
19.099585943681276,72.8790503696282,Drug Offense,4,2024-02-14 20:49:16.736198,55
19.04906575743092,72.81532190052592,Burglary,1,2024-09-08 08:48:12.736198,104
19.030509683622824,72.89946509446611,Theft,1,2023-10-28 06:11:21.736198,23
19.070498966056967,72.83166157670529,Burglary,5,2024-04-29 17:13:49.736198,57
19.05628547907329,72.88778093031036,Vandalism,4,2024-04-03 20:38:40.736198,71
19.034079269962632,72.78860593865465,Assault,1,2024-04-09 01:09:17.736198,34
19.218507052396866,72.95186327535299,Assault,4,2024-10-24 05:50:01.736198,44
19.021767656158953,72.81536530263152,Vandalism,2,2024-06-29 03:09:26.736198,79
19.025868698064475,72.89373591625116,Burglary,3,2023-10-31 03:16:34.736198,38
19.059408190504552,72.83558582659627,Burglary,1,2024-01-23 11:05:15.736198,90
19.24046365633475,72.95730188145748,Burglary,5,2024-01-28 02:05:38.736198,39
19.248315195812687,72.99510443484226,Vandalism,2,2023-11-09 17:49:43.736198,43
19.00212421601793,72.83130690593377,Assault,4,2024-03-27 22:58:44.736198,54
19.219492607398404,72.96516126444588,Drug Offense,2,2024-06-07 15:35:55.736198,80
19.03410765405403,72.82452319311746,Drug Offense,1,2024-06-13 12:55:36.736198,123
19.03487284807589,72.84346891418393,Drug Offense,4,2024-01-16 16:36:30.736198,127
19.021237325101172,72.86116441172601,Burglary,3,2024-08-05 23:21:29.736198,111
19.21480080486609,72.96298509681014,Drug Offense,2,2024-06-02 12:47:08.736198,73
19.226293759035052,72.96507286212416,Vandalism,1,2023-12-28 03:45:16.736198,75
19.027207929601566,72.82898122088928,Vandalism,5,2024-10-10 16:28:13.736198,123
19.19740381611958,72.93877286821248,Vandalism,4,2024-08-30 21:40:17.736198,16
19.193422735292174,72.96424189604409,Burglary,2,2024-07-02 23:23:25.736198,33
19.05197633000661,72.83436211214526,Assault,2,2024-08-01 11:52:25.736198,109
19.02165846041703,72.82588511770005,Burglary,3,2024-06-28 03:24:45.736198,94
19.059398838038838,72.78817378783127,Assault,3,2024-08-30 12:09:57.736198,18
19.01214908286227,72.80991894645307,Theft,5,2024-01-06 02:16:35.736198,41
19.214847454001184,72.99577319874973,Vandalism,5,2024-03-14 01:04:30.736198,75
19.217361588422417,72.98764081654446,Vandalism,1,2023-11-22 00:02:38.736198,90
19.083155747206966,72.88891569052737,Assault,1,2024-04-02 20:37:25.736198,87
19.04847479322989,72.8298538634353,Assault,5,2024-01-25 02:00:36.736198,126
19.06538997704779,72.86618363518711,Vandalism,5,2024-07-22 07:15:09.736198,109
19.243065661428673,72.97852543153472,Theft,4,2024-10-24 02:14:05.736198,55
19.064050924086832,72.84303410273655,Drug Offense,3,2024-09-21 10:30:07.736198,87
19.06163111557495,72.87343105696577,Assault,1,2024-05-01 21:40:03.736198,101
19.027644324961834,72.80808304803497,Assault,3,2024-01-10 11:18:13.736198,81
19.23336683242209,72.98572316769766,Theft,3,2023-10-29 03:58:39.736198,90
19.05016967686923,72.81459197179721,Burglary,5,2023-12-31 15:00:03.736198,106
19.10604714104192,72.8791818956084,Theft,4,2024-10-14 05:45:04.736198,39
19.000363691973412,72.80611693361514,Drug Offense,2,2024-04-08 08:33:49.736198,17
19.210993568973755,72.9817936061173,Assault,4,2024-01-08 13:57:12.736198,81
19.036365676119523,72.84587910543566,Burglary,4,2024-10-23 09:09:46.736198,125
19.016610725806952,72.86969638984333,Assault,3,2024-03-23 07:15:19.736198,88
19.231858517426783,72.96834177183709,Theft,4,2024-09-18 02:36:29.736198,73
19.213416867294185,72.99738174336576,Burglary,1,2024-02-07 08:52:02.736198,69
19.218981669365185,72.96270053537883,Drug Offense,3,2024-10-14 08:02:25.736198,69
19.099588802414427,72.86831648695791,Vandalism,1,2024-05-06 17:33:18.736198,48
19.09315319246404,72.87450122940074,Vandalism,2,2023-11-17 12:08:48.736198,73
19.055271134445615,72.76169222730671,Theft,3,2024-04-27 14:20:51.736198,1
19.078270346905025,72.89094261349042,Vandalism,2,2024-09-03 23:01:06.736198,85
19.02429754841301,72.82897198131187,Drug Offense,3,2024-03-10 06:58:12.736198,112
19.00733720647488,72.78881728113988,Drug Offense,5,2024-04-22 00:10:44.736198,8
19.23097553761864,72.98637598194902,Assault,4,2024-09-28 16:41:32.736198,87
19.0181748964587,72.88176903725214,Burglary,5,2024-10-12 00:57:15.736198,60
19.0460100849598,72.84478507412501,Burglary,2,2024-08-28 02:53:37.736198,107
19.16722157730196,72.99678639822478,Theft,4,2024-03-22 04:21:54.736198,3
19.0992632750431,72.8779046612204,Burglary,3,2024-03-29 12:18:32.736198,54
19.19699772673849,72.9719955059129,Drug Offense,4,2024-04-18 21:25:05.736198,45
19.251854016281527,72.96702823516584,Drug Offense,1,2024-03-25 09:02:20.736198,33
19.20552076504621,72.95163820413185,Assault,4,2024-01-14 01:05:14.736198,42
19.22168721648072,72.9498257100619,Assault,1,2024-01-14 03:50:42.736198,41
19.204938190927137,72.99794084699073,Drug Offense,4,2024-03-14 12:31:55.736198,55
19.22127334914404,72.97135828057763,Theft,1,2024-02-17 10:52:40.736198,95
19.09250832697976,72.89397019272002,Theft,2,2024-08-19 02:04:18.736198,53
19.000962902019825,72.80834356025811,Theft,5,2024-05-14 19:09:38.736198,17
19.01298130939583,72.87012412729626,Burglary,3,2023-11-07 00:02:05.736198,86
19.016111331418,72.86861344195101,Vandalism,4,2024-08-12 09:08:47.736198,88
19.03802938704188,72.8026761554917,Assault,5,2024-04-25 01:35:39.736198,73
19.036704493357867,72.81242703073515,Burglary,3,2024-05-09 07:52:58.736198,105
19.0815338159866,72.89424366498072,Vandalism,3,2023-11-28 13:04:49.736198,76
18.993157443822163,72.87045996860346,Burglary,1,2024-05-30 18:57:53.736198,44
19.10702303951045,72.88001349268586,Theft,2,2024-08-29 16:09:47.736198,36
19.008412782009195,72.8392031126107,Theft,2,2024-02-12 19:57:07.736198,96
19.06960617492239,72.8484136762158,Theft,5,2023-12-05 23:46:34.736198,75
19.067069700958662,72.89482797588647,Vandalism,2,2024-06-04 04:40:58.736198,70
19.059285293592435,72.79541421153661,Vandalism,4,2024-08-02 05:28:54.736198,32
19.101553297915768,72.86586857222329,Theft,2,2023-11-27 23:08:06.736198,47
19.05366211596352,72.81530906644832,Burglary,5,2024-09-05 00:16:10.736198,101
19.073441648170384,72.858589191188,Theft,2,2023-11-25 07:10:48.736198,90
19.068138648517476,72.84558262454159,Theft,4,2024-01-16 18:04:53.736198,77
19.22189788302307,73.00594004572689,Theft,1,2024-06-03 22:00:21.736198,47
19.240410518659157,73.0018406061112,Assault,5,2023-12-16 22:50:48.736198,49
19.22444813395618,72.99441474425079,Assault,1,2024-01-30 23:59:48.736198,82
19.024852937316187,72.82526737965469,Assault,1,2024-03-08 17:25:28.736198,104
19.06717826742949,72.83466607694402,Burglary,1,2024-03-16 14:34:35.736198,67
19.264686590799634,72.98596635678788,Burglary,3,2024-10-18 16:36:52.736198,16
18.991991412950075,72.89129588363969,Theft,3,2024-03-18 00:30:56.736198,19
19.022916263513416,72.85758185132669,Drug Offense,1,2024-04-19 14:51:41.736198,118
19.053678156993175,72.8240916356388,Vandalism,5,2024-08-23 01:28:45.736198,104
18.99279424954507,72.8147799155624,Theft,4,2023-12-17 13:36:12.736198,20
19.229466538250435,72.97962010782824,Drug Offense,4,2024-08-25 05:04:10.736198,97
19.07735056409376,72.84920503627573,Theft,2,2023-11-05 08:01:17.736198,72
19.006496009466137,72.89382314138881,Burglary,5,2024-08-27 08:40:08.736198,31
19.0413969184704,72.81642652499646,Drug Offense,3,2024-10-11 05:22:13.736198,115
18.991993912026583,72.8736491465656,Burglary,1,2024-04-11 16:50:51.736198,39
19.075305764605897,72.85432643924761,Theft,2,2023-11-20 18:36:51.736198,83
19.07840591263424,72.88798877668118,Burglary,4,2023-12-20 04:15:58.736198,87
19.019586646108586,72.87122774246744,Theft,3,2023-12-26 14:36:35.736198,91
19.238220953716116,72.96296409822861,Assault,3,2024-10-22 06:24:27.736198,50
19.08262526862807,72.89721090254245,Drug Offense,1,2024-04-20 18:06:01.736198,68
19.073687034352236,72.87167792608822,Assault,4,2024-06-12 19:57:50.736198,108
19.060825945949144,72.79358040639507,Burglary,5,2024-04-26 06:51:13.736198,23
19.038236890789374,72.82648879253927,Burglary,3,2024-02-03 12:37:07.736198,132
19.018713022562398,72.80865071481693,Drug Offense,1,2024-10-24 10:03:13.736198,59
19.053624051990496,72.84797317090326,Drug Offense,5,2024-07-22 11:51:34.736198,100
19.063577962472387,72.84894322879121,Burglary,4,2024-10-04 05:38:56.736198,95
19.075619675841946,72.85764941270725,Assault,3,2023-12-23 19:51:14.736198,89
19.052980128451555,72.88521396036691,Theft,5,2024-07-22 14:01:50.736198,77
19.044908672778032,72.78846068376205,Vandalism,5,2024-06-09 11:30:25.736198,35
19.08248332704977,72.87509713891265,Vandalism,5,2024-01-19 21:36:35.736198,91
19.206109755956813,72.97436057394029,Vandalism,3,2023-11-11 21:08:34.736198,76
19.22435270930478,72.96301448299961,Burglary,3,2023-12-17 08:22:36.736198,69
19.224727144309004,72.98653841508471,Burglary,2,2024-08-06 05:18:51.736198,90
19.01144443530094,72.86058300655328,Burglary,4,2024-06-13 00:46:23.736198,103
19.004072153958816,72.89221880865821,Drug Offense,1,2024-08-27 23:43:21.736198,28
19.057839518489576,72.8494539259733,Drug Offense,5,2024-01-10 09:17:24.736198,93
19.051260985782438,72.85129086773831,Burglary,2,2024-08-28 00:00:17.736198,97
19.03400964362395,72.86634548062214,Drug Offense,1,2024-03-04 04:43:14.736198,93
19.238905669080637,72.98287578318053,Theft,2,2024-05-01 04:05:09.736198,71
19.046429560192653,72.86330311583211,Drug Offense,3,2024-02-11 15:38:56.736198,90
19.089802879834224,72.86967559056228,Drug Offense,5,2024-07-04 18:29:22.736198,74
19.010746248118394,72.84877118268008,Vandalism,1,2024-10-16 01:04:22.736198,102
19.066416515243095,72.87398682046673,Burglary,1,2024-01-25 19:04:30.736198,115
19.22447666025198,73.01214429889271,Burglary,1,2024-09-27 06:29:19.736198,37
19.02339549713793,72.89770801597291,Vandalism,1,2024-07-14 14:48:55.736198,25
19.04946373253279,72.84597568647138,Burglary,1,2024-10-03 07:05:45.736198,99
19.049271158643332,72.79336836390753,Burglary,2,2024-08-15 13:20:15.736198,41
19.07277428576668,72.8857810171363,Theft,5,2023-11-29 09:50:29.736198,100
19.008910075451354,72.85001655753062,Vandalism,3,2024-09-14 20:01:47.736198,99
19.211051181171936,72.95570660210747,Theft,3,2024-06-13 03:16:45.736198,54
19.04297265411303,72.80555576641704,Drug Offense,3,2024-10-18 18:21:10.736198,82
18.99001361543971,72.84158139920116,Theft,3,2024-01-07 16:43:48.736198,33
19.210536463629175,72.9815083244475,Burglary,2,2024-01-02 15:31:23.736198,81
19.073753439006182,72.87328060800934,Drug Offense,4,2023-12-03 04:55:59.736198,109
19.046773093439334,72.82933881299138,Drug Offense,5,2024-06-16 14:38:25.736198,128
19.010884306014198,72.88958043050579,Drug Offense,1,2024-04-09 13:52:22.736198,36
19.06106219554294,72.81894325605974,Burglary,4,2024-01-07 18:46:50.736198,81
19.21701723306814,72.98467524820607,Theft,3,2024-01-25 16:57:14.736198,89
19.11529450265833,72.87840527103944,Vandalism,4,2024-08-14 13:16:42.736198,20
19.206689531003907,72.9898715680884,Burglary,5,2024-08-28 08:07:46.736198,77
19.20419976288483,72.97698461844685,Assault,1,2024-03-13 03:15:56.736198,73
19.06246155999388,72.88993352577683,Assault,1,2024-05-06 12:58:45.736198,77
19.250574225381172,72.98717068603028,Assault,5,2024-05-31 07:46:20.736198,43
19.037215818459,72.80545687188818,Assault,5,2024-04-27 21:04:45.736198,85
19.229075119848925,72.9596865281384,Burglary,3,2024-04-28 01:29:17.736198,58
19.097168489736994,72.84252521027155,Drug Offense,1,2024-09-26 05:52:01.736198,19
19.048742533020228,72.8306745004646,Burglary,4,2024-08-21 04:27:44.736198,128
19.02497346617746,72.84833322375346,Vandalism,2,2024-07-26 03:22:36.736198,131
19.034206716330885,72.83907832348183,Drug Offense,2,2024-10-14 17:12:35.736198,133
19.065882254399718,72.83945052924246,Burglary,5,2024-09-02 03:31:10.736198,80
19.253019276063306,72.98205821566926,Drug Offense,3,2024-07-16 12:08:23.736198,42
19.019527263364868,72.8388830834722,Assault,2,2024-07-29 16:19:33.736198,121
19.12229317133347,72.84035469614817,Drug Offense,1,2024-02-05 10:24:12.736198,6
19.080481849636207,72.87795184801564,Vandalism,5,2024-02-09 17:09:01.736198,101
19.065112345509498,72.8799184517942,Theft,4,2024-10-19 12:33:31.736198,97
18.987089496581508,72.84236183860237,Theft,5,2024-09-14 08:48:10.736198,29
19.04173017933017,72.83986128658026,Vandalism,4,2024-01-26 03:03:04.736198,121
19.01240817297273,72.82613714093763,Burglary,5,2024-05-20 15:33:40.736198,74
19.030865655508197,72.83774786944765,Burglary,5,2024-09-06 03:33:52.736198,140
19.039453231593853,72.81747453432692,Vandalism,5,2024-06-13 10:40:33.736198,123
19.217799460825095,72.994455325984,Vandalism,4,2023-12-05 11:07:43.736198,83
19.00043284439638,72.87020619758817,Theft,4,2024-01-03 08:04:59.736198,63
19.20726283708215,73.02926398571336,Assault,5,2024-09-27 20:30:15.736198,14
19.059635586335332,72.91954774551371,Burglary,2,2024-03-16 11:44:18.736198,7
19.005369643940163,72.82806677806303,Theft,3,2024-06-02 13:01:43.736198,62
19.246104150980347,72.98925620612704,Drug Offense,3,2024-03-09 21:11:28.736198,53
19.02128590663028,72.81620157939422,Vandalism,3,2024-08-12 18:10:05.736198,76
19.04498673137868,72.87907125949613,Drug Offense,4,2024-07-02 15:13:55.736198,73
19.20729389692309,72.96466753264124,Burglary,4,2024-01-22 03:48:51.736198,67
19.05042896415083,72.84190300476632,Burglary,2,2024-09-09 00:08:39.736198,110
19.051994071858886,72.87100997528319,Drug Offense,3,2024-07-06 13:40:38.736198,89
19.095267522584887,72.88595561853873,Drug Offense,3,2023-12-10 03:38:01.736198,60
19.214838563514324,72.97841158095163,Drug Offense,5,2024-02-20 11:03:54.736198,94
19.06540479592466,72.88796534866228,Drug Offense,4,2024-06-06 08:27:37.736198,86
18.988028275084403,72.87907508086414,Drug Offense,3,2024-01-27 00:01:40.736198,30
19.209434354976167,72.96040394571946,Theft,2,2024-01-11 02:50:17.736198,64
19.05583143779712,72.81310779327913,Drug Offense,2,2024-05-04 21:24:20.736198,89
19.11906364915023,72.86235304874225,Burglary,3,2023-12-28 03:56:41.736198,15
19.039177395223444,72.80075640945697,Assault,4,2024-06-07 14:04:17.736198,70
19.042849701898987,72.85594503193339,Burglary,2,2024-10-01 05:04:10.736198,97
19.24598545637021,72.98937818240104,Assault,5,2024-08-12 17:41:04.736198,53
18.975961411842327,72.8901291273658,Theft,2,2024-07-08 14:18:16.736198,8
19.08643883131234,72.88363969346467,Assault,1,2024-08-28 12:12:23.736198,77
19.016847305951504,72.87826603764033,Theft,1,2024-09-17 04:28:10.736198,72
19.023966865309173,72.79290763670421,Drug Offense,4,2024-06-25 04:48:09.736198,32
19.049191442914616,72.84574279945694,Drug Offense,3,2023-12-26 06:02:34.736198,100
